dt,AverageTemperature,Country,,,,,,,
1869-01-01,16.581,India,,,,,,,
1869-02-01,19.805,India,1869-1878,23.73501667,,1869-1898,23.70709167,,
1869-03-01,23.022,India,1879-1888,23.546925,,1899-1928,23.87263333,,
1869-04-01,27.641,India,1889-1898,23.83933333,,1929-1958,24.03485,,
1869-05-01,29.692,India,1899-1908,23.92905,,1959-1988,24.20741389,,
1869-06-01,28.947,India,1909-1918,23.75763333,,1989-2012,24.5868375,,
1869-07-01,26.995,India,1919-1928,23.93121667,,,,,
1869-08-01,25.904,India,1929-1938,23.86605833,,,,,722-841
1869-09-01,25.937,India,1939-1948,24.08088333,,,,,842-961
1869-10-01,23.832,India,1949-1958,24.15760833,,,,,962-1081
1869-11-01,20.112,India,1959-1968,24.08065833,,,,,1082-1201
1869-12-01,16.332,India,1969-1978,24.140175,,,,,1202-1321
1870-01-01,16.51,India,1979-1988,24.40140833,,,,,1322-1441
1870-02-01,18.711,India,1989-1998,24.32496667,,,,,1442-1561
1870-03-01,23.23,India,1999-2008,24.62206667,,,,,1562-1681
1870-04-01,27.566,India,2009-2012,24.81347917,,,,,1682-1729
1870-05-01,30.15,India,,,,,,,
1870-06-01,28.782,India,,,,,,,
1870-07-01,26.588,India,,,,,,,
1870-08-01,25.423,India,,,,,,,
1870-09-01,25.516,India,,,,,,,
1870-10-01,23.732,India,,,,,,,
1870-11-01,20.086,India,,,,,,,
1870-12-01,16.128,India,,,,,,,
1871-01-01,16.165,India,,,,,,,
1871-02-01,18.913,India,,,,,,,
1871-03-01,23.25,India,,,,,,,
1871-04-01,27.582,India,,,,,,,
1871-05-01,29.435,India,,,,,,,
1871-06-01,28.981,India,,,,,,,
1871-07-01,26.534,India,,,,,,,
1871-08-01,26.032,India,,,,,,,
1871-09-01,25.841,India,,,,,,,
1871-10-01,24.036,India,,,,,,,
1871-11-01,19.83,India,,,,,,,
1871-12-01,16.783,India,,,,,,,
1872-01-01,16.469,India,,,,,,,
1872-02-01,18.654,India,,,,,,,
1872-03-01,23.876,India,,,,,,,
1872-04-01,27.342,India,,,,,,,
1872-05-01,29.562,India,,,,,,,
1872-06-01,28.741,India,,,,,,,
1872-07-01,26.615,India,,,,,,,
1872-08-01,25.727,India,,,,,,,
1872-09-01,25.574,India,,,,,,,
1872-10-01,24.024,India,,,,,,,
1872-11-01,20.055,India,,,,,,,
1872-12-01,16.883,India,,,,,,,
1873-01-01,16.271,India,,,,,,,
1873-02-01,19.325,India,,,,,,,
1873-03-01,23.128,India,,,,,,,
1873-04-01,27.228,India,,,,,,,
1873-05-01,29.873,India,,,,,,,
1873-06-01,28.762,India,,,,,,,
1873-07-01,26.851,India,,,,,,,
1873-08-01,25.988,India,,,,,,,
1873-09-01,25.632,India,,,,,,,
1873-10-01,24.008,India,,,,,,,
1873-11-01,20.145,India,,,,,,,
1873-12-01,17.211,India,,,,,,,
1874-01-01,16.268,India,,,,,,,
1874-02-01,19.066,India,,,,,,,
1874-03-01,22.575,India,,,,,,,
1874-04-01,27.611,India,,,,,,,
1874-05-01,29.463,India,,,,,,,
1874-06-01,28.725,India,,,,,,,
1874-07-01,26.666,India,,,,,,,
1874-08-01,26.026,India,,,,,,,
1874-09-01,25.55,India,,,,,,,
1874-10-01,24.408,India,,,,,,,
1874-11-01,20.685,India,,,,,,,
1874-12-01,16.668,India,,,,,,,
1875-01-01,16.312,India,,,,,,,
1875-02-01,18.697,India,,,,,,,
1875-03-01,24.889,India,,,,,,,
1875-04-01,28.22,India,,,,,,,
1875-05-01,29.57,India,,,,,,,
1875-06-01,28.92,India,,,,,,,
1875-07-01,26.566,India,,,,,,,
1875-08-01,25.757,India,,,,,,,
1875-09-01,25.608,India,,,,,,,
1875-10-01,23.003,India,,,,,,,
1875-11-01,20.031,India,,,,,,,
1875-12-01,17.493,India,,,,,,,
1876-01-01,16.989,India,,,,,,,
1876-02-01,19.176,India,,,,,,,
1876-03-01,23.687,India,,,,,,,
1876-04-01,27.541,India,,,,,,,
1876-05-01,30.01,India,,,,,,,
1876-06-01,29.635,India,,,,,,,
1876-07-01,26.58,India,,,,,,,
1876-08-01,25.937,India,,,,,,,
1876-09-01,25.334,India,,,,,,,
1876-10-01,23.16,India,,,,,,,
1876-11-01,19.915,India,,,,,,,
1876-12-01,16.747,India,,,,,,,
1877-01-01,16.713,India,,,,,,,
1877-02-01,17.823,India,,,,,,,
1877-03-01,23.198,India,,,,,,,
1877-04-01,25.839,India,,,,,,,
1877-05-01,28.607,India,,,,,,,
1877-06-01,29.245,India,,,,,,,
1877-07-01,27.837,India,,,,,,,
1877-08-01,27.25,India,,,,,,,
1877-09-01,26.533,India,,,,,,,
1877-10-01,23.887,India,,,,,,,
1877-11-01,21.593,India,,,,,,,
1877-12-01,18.068,India,,,,,,,
1878-01-01,16.421,India,,,,,,,
1878-02-01,20.25,India,,,,,,,
1878-03-01,24.427,India,,,,,,,
1878-04-01,27.205,India,,,,,,,
1878-05-01,28.485,India,,,,,,,
1878-06-01,30.349,India,,,,,,,
1878-07-01,27.407,India,,,,,,,
1878-08-01,26.214,India,,,,,,,
1878-09-01,26.356,India,,,,,,,
1878-10-01,24.908,India,,,,,,,
1878-11-01,20.819,India,,,,,,,
1878-12-01,16.732,India,,,,,,,
1879-01-01,16.977,India,,,,,,,
1879-02-01,19.754,India,,,,,,,
1879-03-01,23.725,India,,,,,,,
1879-04-01,28.485,India,,,,,,,
1879-05-01,30.072,India,,,,,,,
1879-06-01,28.064,India,,,,,,,
1879-07-01,26.626,India,,,,,,,
1879-08-01,25.472,India,,,,,,,
1879-09-01,25.449,India,,,,,,,
1879-10-01,23.679,India,,,,,,,
1879-11-01,18.962,India,,,,,,,
1879-12-01,15.948,India,,,,,,,
1880-01-01,16.969,India,,,,,,,
1880-02-01,18.473,India,,,,,,,
1880-03-01,25.279,India,,,,,,,
1880-04-01,28.576,India,,,,,,,
1880-05-01,29.532,India,,,,,,,
1880-06-01,28.683,India,,,,,,,
1880-07-01,26.06,India,,,,,,,
1880-08-01,26.25,India,,,,,,,
1880-09-01,25.552,India,,,,,,,
1880-10-01,24.311,India,,,,,,,
1880-11-01,19.941,India,,,,,,,
1880-12-01,16.703,India,,,,,,,
1881-01-01,16.505,India,,,,,,,
1881-02-01,20.048,India,,,,,,,
1881-03-01,22.817,India,,,,,,,
1881-04-01,27.561,India,,,,,,,
1881-05-01,29.857,India,,,,,,,
1881-06-01,28.288,India,,,,,,,
1881-07-01,26.634,India,,,,,,,
1881-08-01,25.898,India,,,,,,,
1881-09-01,25.818,India,,,,,,,
1881-10-01,24.077,India,,,,,,,
1881-11-01,19.683,India,,,,,,,
1881-12-01,16.948,India,,,,,,,
1882-01-01,17.5,India,,,,,,,
1882-02-01,18.677,India,,,,,,,
1882-03-01,24.403,India,,,,,,,
1882-04-01,27.314,India,,,,,,,
1882-05-01,28.806,India,,,,,,,
1882-06-01,27.966,India,,,,,,,
1882-07-01,25.87,India,,,,,,,
1882-08-01,25.854,India,,,,,,,
1882-09-01,25.64,India,,,,,,,
1882-10-01,23.831,India,,,,,,,
1882-11-01,19.63,India,,,,,,,
1882-12-01,17.571,India,,,,,,,
1883-01-01,16.645,India,,,,,,,
1883-02-01,18.255,India,,,,,,,
1883-03-01,23.104,India,,,,,,,
1883-04-01,27.907,India,,,,,,,
1883-05-01,29.436,India,,,,,,,
1883-06-01,28.359,India,,,,,,,
1883-07-01,26.356,India,,,,,,,
1883-08-01,26.535,India,,,,,,,
1883-09-01,25.592,India,,,,,,,
1883-10-01,23.517,India,,,,,,,
1883-11-01,19.064,India,,,,,,,
1883-12-01,15.32,India,,,,,,,
1884-01-01,16.231,India,,,,,,,
1884-02-01,18.258,India,,,,,,,
1884-03-01,24.038,India,,,,,,,
1884-04-01,27.013,India,,,,,,,
1884-05-01,29.532,India,,,,,,,
1884-06-01,28.623,India,,,,,,,
1884-07-01,26.527,India,,,,,,,
1884-08-01,25.842,India,,,,,,,
1884-09-01,25.247,India,,,,,,,
1884-10-01,22.723,India,,,,,,,
1884-11-01,18.692,India,,,,,,,
1884-12-01,16.162,India,,,,,,,
1885-01-01,16.816,India,,,,,,,
1885-02-01,17.399,India,,,,,,,
1885-03-01,23.56,India,,,,,,,
1885-04-01,26.719,India,,,,,,,
1885-05-01,28.011,India,,,,,,,
1885-06-01,28.453,India,,,,,,,
1885-07-01,26.602,India,,,,,,,
1885-08-01,25.976,India,,,,,,,
1885-09-01,25.81,India,,,,,,,
1885-10-01,24.144,India,,,,,,,
1885-11-01,20.33,India,,,,,,,
1885-12-01,16.859,India,,,,,,,
1886-01-01,16.46,India,,,,,,,
1886-02-01,18.399,India,,,,,,,
1886-03-01,23.481,India,,,,,,,
1886-04-01,27.305,India,,,,,,,
1886-05-01,29.333,India,,,,,,,
1886-06-01,28.286,India,,,,,,,
1886-07-01,26.298,India,,,,,,,
1886-08-01,25.924,India,,,,,,,
1886-09-01,26.031,India,,,,,,,
1886-10-01,24.463,India,,,,,,,
1886-11-01,20.621,India,,,,,,,
1886-12-01,17.137,India,,,,,,,
1887-01-01,16.279,India,,,,,,,
1887-02-01,18.518,India,,,,,,,
1887-03-01,23.784,India,,,,,,,
1887-04-01,27.448,India,,,,,,,
1887-05-01,30.062,India,,,,,,,
1887-06-01,28.087,India,,,,,,,
1887-07-01,25.998,India,,,,,,,
1887-08-01,25.397,India,,,,,,,
1887-09-01,25.331,India,,,,,,,
1887-10-01,23.379,India,,,,,,,
1887-11-01,19.978,India,,,,,,,
1887-12-01,16.805,India,,,,,,,
1888-01-01,15.716,India,,,,,,,
1888-02-01,18.912,India,,,,,,,
1888-03-01,24.513,India,,,,,,,
1888-04-01,27.886,India,,,,,,,
1888-05-01,29.386,India,,,,,,,
1888-06-01,29.188,India,,,,,,,
1888-07-01,26.423,India,,,,,,,
1888-08-01,25.681,India,,,,,,,
1888-09-01,25.871,India,,,,,,,
1888-10-01,23.928,India,,,,,,,
1888-11-01,20.342,India,,,,,,,
1888-12-01,16.586,India,,,,,,,
1889-01-01,17.616,India,,,,,,,
1889-02-01,19.321,India,,,,,,,
1889-03-01,24.723,India,,,,,,,
1889-04-01,28.13,India,,,,,,,
1889-05-01,30.025,India,,,,,,,
1889-06-01,28.727,India,,,,,,,
1889-07-01,26.822,India,,,,,,,
1889-08-01,26.025,India,,,,,,,
1889-09-01,26.049,India,,,,,,,
1889-10-01,23.428,India,,,,,,,
1889-11-01,19.834,India,,,,,,,
1889-12-01,17.158,India,,,,,,,
1890-01-01,17.122,India,,,,,,,
1890-02-01,19.845,India,,,,,,,
1890-03-01,23.896,India,,,,,,,
1890-04-01,27.79,India,,,,,,,
1890-05-01,29.95,India,,,,,,,
1890-06-01,28.113,India,,,,,,,
1890-07-01,25.692,India,,,,,,,
1890-08-01,25.275,India,,,,,,,
1890-09-01,25.557,India,,,,,,,
1890-10-01,23.61,India,,,,,,,
1890-11-01,20.016,India,,,,,,,
1890-12-01,17.515,India,,,,,,,
1891-01-01,16.583,India,,,,,,,
1891-02-01,18.055,India,,,,,,,
1891-03-01,22.014,India,,,,,,,
1891-04-01,27.375,India,,,,,,,
1891-05-01,29.183,India,,,,,,,
1891-06-01,29.954,India,,,,,,,
1891-07-01,27.32,India,,,,,,,
1891-08-01,26.023,India,,,,,,,
1891-09-01,25.934,India,,,,,,,
1891-10-01,23.631,India,,,,,,,
1891-11-01,20.453,India,,,,,,,
1891-12-01,17.246,India,,,,,,,
1892-01-01,17.621,India,,,,,,,
1892-02-01,19.994,India,,,,,,,
1892-03-01,24.809,India,,,,,,,
1892-04-01,29.378,India,,,,,,,
1892-05-01,30.172,India,,,,,,,
1892-06-01,28.556,India,,,,,,,
1892-07-01,26.768,India,,,,,,,
1892-08-01,25.578,India,,,,,,,
1892-09-01,25.382,India,,,,,,,
1892-10-01,23.693,India,,,,,,,
1892-11-01,19.384,India,,,,,,,
1892-12-01,16.543,India,,,,,,,
1893-01-01,15.643,India,,,,,,,
1893-02-01,16.57,India,,,,,,,
1893-03-01,21.431,India,,,,,,,
1893-04-01,27.218,India,,,,,,,
1893-05-01,28.666,India,,,,,,,
1893-06-01,27.484,India,,,,,,,
1893-07-01,25.981,India,,,,,,,
1893-08-01,25.967,India,,,,,,,
1893-09-01,25.164,India,,,,,,,
1893-10-01,23.474,India,,,,,,,
1893-11-01,20.213,India,,,,,,,
1893-12-01,16.867,India,,,,,,,
1894-01-01,16.849,India,,,,,,,
1894-02-01,19.819,India,,,,,,,
1894-03-01,23.497,India,,,,,,,
1894-04-01,27.478,India,,,,,,,
1894-05-01,30.165,India,,,,,,,
1894-06-01,28.334,India,,,,,,,
1894-07-01,26.176,India,,,,,,,
1894-08-01,25.688,India,,,,,,,
1894-09-01,25.646,India,,,,,,,
1894-10-01,23.942,India,,,,,,,
1894-11-01,19.677,India,,,,,,,
1894-12-01,17.029,India,,,,,,,
1895-01-01,16.557,India,,,,,,,
1895-02-01,19.108,India,,,,,,,
1895-03-01,23.521,India,,,,,,,
1895-04-01,26.867,India,,,,,,,
1895-05-01,30.519,India,,,,,,,
1895-06-01,28.625,India,,,,,,,
1895-07-01,26.814,India,,,,,,,
1895-08-01,25.9,India,,,,,,,
1895-09-01,26.143,India,,,,,,,
1895-10-01,23.662,India,,,,,,,
1895-11-01,21.269,India,,,,,,,
1895-12-01,16.616,India,,,,,,,
1896-01-01,16.9,India,,,,,,,
1896-02-01,19.769,India,,,,,,,
1896-03-01,24.66,India,,,,,,,
1896-04-01,28.822,India,,,,,,,
1896-05-01,30.707,India,,,,,,,
1896-06-01,28.757,India,,,,,,,
1896-07-01,27.2,India,,,,,,,
1896-08-01,26.02,India,,,,,,,
1896-09-01,26.452,India,,,,,,,
1896-10-01,24.853,India,,,,,,,
1896-11-01,21.296,India,,,,,,,
1896-12-01,17.417,India,,,,,,,
1897-01-01,17.445,India,,,,,,,
1897-02-01,19.908,India,,,,,,,
1897-03-01,23.659,India,,,,,,,
1897-04-01,27.817,India,,,,,,,
1897-05-01,30.695,India,,,,,,,
1897-06-01,29.702,India,,,,,,,
1897-07-01,27.681,India,,,,,,,
1897-08-01,26.355,India,,,,,,,
1897-09-01,26.106,India,,,,,,,
1897-10-01,24.127,India,,,,,,,
1897-11-01,20.43,India,,,,,,,
1897-12-01,16.709,India,,,,,,,
1898-01-01,16.897,India,,,,,,,
1898-02-01,18.688,India,,,,,,,
1898-03-01,23.92,India,,,,,,,
1898-04-01,28.917,India,,,,,,,
1898-05-01,30.043,India,,,,,,,
1898-06-01,29.207,India,,,,,,,
1898-07-01,26.681,India,,,,,,,
1898-08-01,26.133,India,,,,,,,
1898-09-01,25.725,India,,,,,,,
1898-10-01,24.304,India,,,,,,,
1898-11-01,20.619,India,,,,,,,
1898-12-01,17.632,India,,,,,,,
1899-01-01,15.345,India,,,,,,,
1899-02-01,19.528,India,,,,,,,
1899-03-01,24.715,India,,,,,,,
1899-04-01,27.011,India,,,,,,,
1899-05-01,29.985,India,,,,,,,
1899-06-01,28.529,India,,,,,,,
1899-07-01,26.958,India,,,,,,,
1899-08-01,27.312,India,,,,,,,
1899-09-01,26.907,India,,,,,,,
1899-10-01,24.852,India,,,,,,,
1899-11-01,20.945,India,,,,,,,
1899-12-01,17.974,India,,,,,,,
01-01-1900,17.385,India,,,,,,,
01-02-1900,20.05,India,,,,,,,
01-03-1900,24.958,India,,,,,,,
01-04-1900,27.672,India,,,,,,,
01-05-1900,29.772,India,,,,,,,
01-06-1900,29.928,India,,,,,,,
01-07-1900,27.609,India,,,,,,,
01-08-1900,26.493,India,,,,,,,
01-09-1900,25.643,India,,,,,,,
01-10-1900,23.674,India,,,,,,,
01-11-1900,21.122,India,,,,,,,
01-12-1900,18.108,India,,,,,,,
01-01-1901,16.172,India,,,,,,,
01-02-1901,18.506,India,,,,,,,
01-03-1901,23.703,India,,,,,,,
01-04-1901,27.474,India,,,,,,,
01-05-1901,29.787,India,,,,,,,
01-06-1901,29.944,India,,,,,,,
01-07-1901,27.522,India,,,,,,,
01-08-1901,26.179,India,,,,,,,
01-09-1901,26.296,India,,,,,,,
01-10-1901,25.146,India,,,,,,,
01-11-1901,20.879,India,,,,,,,
01-12-1901,17.403,India,,,,,,,
01-01-1902,17.719,India,,,,,,,
01-02-1902,19.867,India,,,,,,,
01-03-1902,25.17,India,,,,,,,
01-04-1902,27.848,India,,,,,,,
01-05-1902,30.26,India,,,,,,,
01-06-1902,29.534,India,,,,,,,
01-07-1902,27.214,India,,,,,,,
01-08-1902,26.967,India,,,,,,,
01-09-1902,25.887,India,,,,,,,
01-10-1902,24.213,India,,,,,,,
01-11-1902,20.255,India,,,,,,,
01-12-1902,16.89,India,,,,,,,
01-01-1903,16.939,India,,,,,,,
01-02-1903,18.644,India,,,,,,,
01-03-1903,22.983,India,,,,,,,
01-04-1903,27.185,India,,,,,,,
01-05-1903,29.496,India,,,,,,,
01-06-1903,29.878,India,,,,,,,
01-07-1903,27.564,India,,,,,,,
01-08-1903,26.195,India,,,,,,,
01-09-1903,26.061,India,,,,,,,
01-10-1903,24.075,India,,,,,,,
01-11-1903,19.707,India,,,,,,,
01-12-1903,16.482,India,,,,,,,
01-01-1904,16.723,India,,,,,,,
01-02-1904,19.177,India,,,,,,,
01-03-1904,23.349,India,,,,,,,
01-04-1904,28.047,India,,,,,,,
01-05-1904,29.465,India,,,,,,,
01-06-1904,28.616,India,,,,,,,
01-07-1904,26.408,India,,,,,,,
01-08-1904,26.085,India,,,,,,,
01-09-1904,25.904,India,,,,,,,
01-10-1904,24.244,India,,,,,,,
01-11-1904,19.988,India,,,,,,,
01-12-1904,17.096,India,,,,,,,
01-01-1905,15.754,India,,,,,,,
01-02-1905,16.043,India,,,,,,,
01-03-1905,21.969,India,,,,,,,
01-04-1905,25.546,India,,,,,,,
01-05-1905,30.149,India,,,,,,,
01-06-1905,30.124,India,,,,,,,
01-07-1905,27.231,India,,,,,,,
01-08-1905,26.637,India,,,,,,,
01-09-1905,26.23,India,,,,,,,
01-10-1905,24.48,India,,,,,,,
01-11-1905,21.126,India,,,,,,,
01-12-1905,16.891,India,,,,,,,
01-01-1906,16.315,India,,,,,,,
01-02-1906,18.395,India,,,,,,,
01-03-1906,22.443,India,,,,,,,
01-04-1906,27.78,India,,,,,,,
01-05-1906,30.947,India,,,,,,,
01-06-1906,28.841,India,,,,,,,
01-07-1906,27.041,India,,,,,,,
01-08-1906,26.192,India,,,,,,,
01-09-1906,25.791,India,,,,,,,
01-10-1906,24.247,India,,,,,,,
01-11-1906,21.004,India,,,,,,,
01-12-1906,17.661,India,,,,,,,
01-01-1907,17.669,India,,,,,,,
01-02-1907,18.583,India,,,,,,,
01-03-1907,22.283,India,,,,,,,
01-04-1907,25.785,India,,,,,,,
01-05-1907,28.962,India,,,,,,,
01-06-1907,28.919,India,,,,,,,
01-07-1907,27.661,India,,,,,,,
01-08-1907,25.709,India,,,,,,,
01-09-1907,26.164,India,,,,,,,
01-10-1907,24.728,India,,,,,,,
01-11-1907,21.125,India,,,,,,,
01-12-1907,16.537,India,,,,,,,
01-01-1908,16.417,India,,,,,,,
01-02-1908,19.246,India,,,,,,,
01-03-1908,23.22,India,,,,,,,
01-04-1908,28.495,India,,,,,,,
01-05-1908,29.963,India,,,,,,,
01-06-1908,29.695,India,,,,,,,
01-07-1908,26.375,India,,,,,,,
01-08-1908,25.649,India,,,,,,,
01-09-1908,25.751,India,,,,,,,
01-10-1908,24.058,India,,,,,,,
01-11-1908,19.831,India,,,,,,,
01-12-1908,16.203,India,,,,,,,
01-01-1909,16.949,India,,,,,,,
01-02-1909,18.947,India,,,,,,,
01-03-1909,24.33,India,,,,,,,
01-04-1909,26.163,India,,,,,,,
01-05-1909,29.56,India,,,,,,,
01-06-1909,28.083,India,,,,,,,
01-07-1909,26.132,India,,,,,,,
01-08-1909,25.887,India,,,,,,,
01-09-1909,25.544,India,,,,,,,
01-10-1909,24.164,India,,,,,,,
01-11-1909,20.99,India,,,,,,,
01-12-1909,17.183,India,,,,,,,
01-01-1910,16.613,India,,,,,,,
01-02-1910,19.175,India,,,,,,,
01-03-1910,23.656,India,,,,,,,
01-04-1910,27.272,India,,,,,,,
01-05-1910,29.873,India,,,,,,,
01-06-1910,28.268,India,,,,,,,
01-07-1910,26.461,India,,,,,,,
01-08-1910,25.956,India,,,,,,,
01-09-1910,25.724,India,,,,,,,
01-10-1910,23.633,India,,,,,,,
01-11-1910,19.419,India,,,,,,,
01-12-1910,16.48,India,,,,,,,
01-01-1911,17.656,India,,,,,,,
01-02-1911,18.779,India,,,,,,,
01-03-1911,22.388,India,,,,,,,
01-04-1911,27.185,India,,,,,,,
01-05-1911,30.436,India,,,,,,,
01-06-1911,28.41,India,,,,,,,
01-07-1911,27.672,India,,,,,,,
01-08-1911,26.348,India,,,,,,,
01-09-1911,25.879,India,,,,,,,
01-10-1911,24.503,India,,,,,,,
01-11-1911,20.135,India,,,,,,,
01-12-1911,17.041,India,,,,,,,
01-01-1912,17.237,India,,,,,,,
01-02-1912,20.148,India,,,,,,,
01-03-1912,23.552,India,,,,,,,
01-04-1912,27.244,India,,,,,,,
01-05-1912,30.203,India,,,,,,,
01-06-1912,30.139,India,,,,,,,
01-07-1912,27.001,India,,,,,,,
01-08-1912,26.04,India,,,,,,,
01-09-1912,25.765,India,,,,,,,
01-10-1912,24.246,India,,,,,,,
01-11-1912,19.889,India,,,,,,,
01-12-1912,16.621,India,,,,,,,
01-01-1913,16.626,India,,,,,,,
01-02-1913,19.358,India,,,,,,,
01-03-1913,22.333,India,,,,,,,
01-04-1913,28.176,India,,,,,,,
01-05-1913,29.167,India,,,,,,,
01-06-1913,27.926,India,,,,,,,
01-07-1913,26.644,India,,,,,,,
01-08-1913,26.228,India,,,,,,,
01-09-1913,26.316,India,,,,,,,
01-10-1913,24.574,India,,,,,,,
01-11-1913,20.15,India,,,,,,,
01-12-1913,16.912,India,,,,,,,
01-01-1914,17.441,India,,,,,,,
01-02-1914,19.372,India,,,,,,,
01-03-1914,23.091,India,,,,,,,
01-04-1914,26.634,India,,,,,,,
01-05-1914,29.852,India,,,,,,,
01-06-1914,28.936,India,,,,,,,
01-07-1914,26.629,India,,,,,,,
01-08-1914,26.016,India,,,,,,,
01-09-1914,25.994,India,,,,,,,
01-10-1914,23.83,India,,,,,,,
01-11-1914,21.017,India,,,,,,,
01-12-1914,17.094,India,,,,,,,
01-01-1915,17.044,India,,,,,,,
01-02-1915,18.73,India,,,,,,,
01-03-1915,23.344,India,,,,,,,
01-04-1915,27.327,India,,,,,,,
01-05-1915,30.59,India,,,,,,,
01-06-1915,29.826,India,,,,,,,
01-07-1915,27.691,India,,,,,,,
01-08-1915,26.665,India,,,,,,,
01-09-1915,26.513,India,,,,,,,
01-10-1915,25.264,India,,,,,,,
01-11-1915,21.429,India,,,,,,,
01-12-1915,17.058,India,,,,,,,
01-01-1916,17.013,India,,,,,,,
01-02-1916,18.953,India,,,,,,,
01-03-1916,24.942,India,,,,,,,
01-04-1916,28.04,India,,,,,,,
01-05-1916,30.005,India,,,,,,,
01-06-1916,27.827,India,,,,,,,
01-07-1916,26.899,India,,,,,,,
01-08-1916,26.024,India,,,,,,,
01-09-1916,25.878,India,,,,,,,
01-10-1916,24.091,India,,,,,,,
01-11-1916,19.943,India,,,,,,,
01-12-1916,16.291,India,,,,,,,
01-01-1917,16.729,India,,,,,,,
01-02-1917,19.043,India,,,,,,,
01-03-1917,22.795,India,,,,,,,
01-04-1917,25.902,India,,,,,,,
01-05-1917,27.232,India,,,,,,,
01-06-1917,27.789,India,,,,,,,
01-07-1917,26.52,India,,,,,,,
01-08-1917,26.008,India,,,,,,,
01-09-1917,25.273,India,,,,,,,
01-10-1917,23.534,India,,,,,,,
01-11-1917,19.416,India,,,,,,,
01-12-1917,16.732,India,,,,,,,
01-01-1918,15.769,India,,,,,,,
01-02-1918,19.212,India,,,,,,,
01-03-1918,23.433,India,,,,,,,
01-04-1918,26.317,India,,,,,,,
01-05-1918,29.728,India,,,,,,,
01-06-1918,27.84,India,,,,,,,
01-07-1918,27.898,India,,,,,,,
01-08-1918,26.458,India,,,,,,,
01-09-1918,26.283,India,,,,,,,
01-10-1918,24.618,India,,,,,,,
01-11-1918,20.936,India,,,,,,,
01-12-1918,16.769,India,,,,,,,
01-01-1919,17.379,India,,,,,,,
01-02-1919,19.006,India,,,,,,,
01-03-1919,23.94,India,,,,,,,
01-04-1919,27.028,India,,,,,,,
01-05-1919,29.547,India,,,,,,,
01-06-1919,28.926,India,,,,,,,
01-07-1919,26.703,India,,,,,,,
01-08-1919,26.134,India,,,,,,,
01-09-1919,25.755,India,,,,,,,
01-10-1919,23.997,India,,,,,,,
01-11-1919,20.701,India,,,,,,,
01-12-1919,16.786,India,,,,,,,
01-01-1920,17.183,India,,,,,,,
01-02-1920,19.001,India,,,,,,,
01-03-1920,23.686,India,,,,,,,
01-04-1920,27.039,India,,,,,,,
01-05-1920,28.449,India,,,,,,,
01-06-1920,28.911,India,,,,,,,
01-07-1920,26.793,India,,,,,,,
01-08-1920,26.216,India,,,,,,,
01-09-1920,26.582,India,,,,,,,
01-10-1920,25.084,India,,,,,,,
01-11-1920,21.209,India,,,,,,,
01-12-1920,17.312,India,,,,,,,
01-01-1921,17.406,India,,,,,,,
01-02-1921,19.287,India,,,,,,,
01-03-1921,25.23,India,,,,,,,
01-04-1921,28.546,India,,,,,,,
01-05-1921,31.329,India,,,,,,,
01-06-1921,29.071,India,,,,,,,
01-07-1921,27.418,India,,,,,,,
01-08-1921,25.988,India,,,,,,,
01-09-1921,25.581,India,,,,,,,
01-10-1921,23.597,India,,,,,,,
01-11-1921,19.844,India,,,,,,,
01-12-1921,17.694,India,,,,,,,
01-01-1922,16.714,India,,,,,,,
01-02-1922,19.936,India,,,,,,,
01-03-1922,24.374,India,,,,,,,
01-04-1922,28.05,India,,,,,,,
01-05-1922,30.235,India,,,,,,,
01-06-1922,28.571,India,,,,,,,
01-07-1922,26.724,India,,,,,,,
01-08-1922,26.057,India,,,,,,,
01-09-1922,25.659,India,,,,,,,
01-10-1922,23.727,India,,,,,,,
01-11-1922,20.33,India,,,,,,,
01-12-1922,16.476,India,,,,,,,
01-01-1923,16.819,India,,,,,,,
01-02-1923,18.654,India,,,,,,,
01-03-1923,23.688,India,,,,,,,
01-04-1923,27.823,India,,,,,,,
01-05-1923,29.656,India,,,,,,,
01-06-1923,30.522,India,,,,,,,
01-07-1923,26.731,India,,,,,,,
01-08-1923,25.892,India,,,,,,,
01-09-1923,25.886,India,,,,,,,
01-10-1923,23.607,India,,,,,,,
01-11-1923,20.255,India,,,,,,,
01-12-1923,17.378,India,,,,,,,
01-01-1924,16.724,India,,,,,,,
01-02-1924,19.565,India,,,,,,,
01-03-1924,24.943,India,,,,,,,
01-04-1924,28.324,India,,,,,,,
01-05-1924,29.211,India,,,,,,,
01-06-1924,30.129,India,,,,,,,
01-07-1924,27.041,India,,,,,,,
01-08-1924,26.29,India,,,,,,,
01-09-1924,25.406,India,,,,,,,
01-10-1924,23.917,India,,,,,,,
01-11-1924,19.87,India,,,,,,,
01-12-1924,17.132,India,,,,,,,
01-01-1925,15.629,India,,,,,,,
01-02-1925,18.131,India,,,,,,,
01-03-1925,23.903,India,,,,,,,
01-04-1925,28.372,India,,,,,,,
01-05-1925,29.13,India,,,,,,,
01-06-1925,28.113,India,,,,,,,
01-07-1925,26.223,India,,,,,,,
01-08-1925,26.282,India,,,,,,,
01-09-1925,26.33,India,,,,,,,
01-10-1925,24.584,India,,,,,,,
01-11-1925,20.413,India,,,,,,,
01-12-1925,16.841,India,,,,,,,
01-01-1926,17.236,India,,,,,,,
01-02-1926,20.375,India,,,,,,,
01-03-1926,23.152,India,,,,,,,
01-04-1926,25.739,India,,,,,,,
01-05-1926,29.002,India,,,,,,,
01-06-1926,30.733,India,,,,,,,
01-07-1926,27.488,India,,,,,,,
01-08-1926,26.283,India,,,,,,,
01-09-1926,25.774,India,,,,,,,
01-10-1926,24.051,India,,,,,,,
01-11-1926,19.354,India,,,,,,,
01-12-1926,16.981,India,,,,,,,
01-01-1927,16.709,India,,,,,,,
01-02-1927,18.748,India,,,,,,,
01-03-1927,22.994,India,,,,,,,
01-04-1927,27.446,India,,,,,,,
01-05-1927,29.554,India,,,,,,,
01-06-1927,29.232,India,,,,,,,
01-07-1927,26.751,India,,,,,,,
01-08-1927,26.021,India,,,,,,,
01-09-1927,26.04,India,,,,,,,
01-10-1927,24.349,India,,,,,,,
01-11-1927,19.79,India,,,,,,,
01-12-1927,17.651,India,,,,,,,
01-01-1928,17.08,India,,,,,,,
01-02-1928,19.567,India,,,,,,,
01-03-1928,23.99,India,,,,,,,
01-04-1928,27.495,India,,,,,,,
01-05-1928,30.574,India,,,,,,,
01-06-1928,28.795,India,,,,,,,
01-07-1928,26.84,India,,,,,,,
01-08-1928,26.582,India,,,,,,,
01-09-1928,26.261,India,,,,,,,
01-10-1928,24.568,India,,,,,,,
01-11-1928,20.817,India,,,,,,,
01-12-1928,17.099,India,,,,,,,
01-01-1929,16.866,India,,,,,,,
01-02-1929,18.597,India,,,,,,,
01-03-1929,24.69,India,,,,,,,
01-04-1929,27.63,India,,,,,,,
01-05-1929,30.574,India,,,,,,,
01-06-1929,28.918,India,,,,,,,
01-07-1929,26.718,India,,,,,,,
01-08-1929,25.954,India,,,,,,,
01-09-1929,26.319,India,,,,,,,
01-10-1929,23.971,India,,,,,,,
01-11-1929,20.717,India,,,,,,,
01-12-1929,16.703,India,,,,,,,
01-01-1930,16.528,India,,,,,,,
01-02-1930,18.831,India,,,,,,,
01-03-1930,24.028,India,,,,,,,
01-04-1930,27.002,India,,,,,,,
01-05-1930,29.751,India,,,,,,,
01-06-1930,28.955,India,,,,,,,
01-07-1930,26.566,India,,,,,,,
01-08-1930,26.156,India,,,,,,,
01-09-1930,26.296,India,,,,,,,
01-10-1930,24.567,India,,,,,,,
01-11-1930,20.005,India,,,,,,,
01-12-1930,17.359,India,,,,,,,
01-01-1931,17.86,India,,,,,,,
01-02-1931,19.062,India,,,,,,,
01-03-1931,23.518,India,,,,,,,
01-04-1931,28.563,India,,,,,,,
01-05-1931,30.211,India,,,,,,,
01-06-1931,30.172,India,,,,,,,
01-07-1931,27.031,India,,,,,,,
01-08-1931,26.678,India,,,,,,,
01-09-1931,25.998,India,,,,,,,
01-10-1931,24.123,India,,,,,,,
01-11-1931,20.334,India,,,,,,,
01-12-1931,17.442,India,,,,,,,
01-01-1932,17.783,India,,,,,,,
01-02-1932,18.585,India,,,,,,,
01-03-1932,23.757,India,,,,,,,
01-04-1932,27.389,India,,,,,,,
01-05-1932,29.613,India,,,,,,,
01-06-1932,29.777,India,,,,,,,
01-07-1932,27.001,India,,,,,,,
01-08-1932,26.243,India,,,,,,,
01-09-1932,26.294,India,,,,,,,
01-10-1932,24.669,India,,,,,,,
01-11-1932,20.601,India,,,,,,,
01-12-1932,17.231,India,,,,,,,
01-01-1933,16.262,India,,,,,,,
01-02-1933,19.784,India,,,,,,,
01-03-1933,23.753,India,,,,,,,
01-04-1933,26.46,India,,,,,,,
01-05-1933,28.127,India,,,,,,,
01-06-1933,28.36,India,,,,,,,
01-07-1933,26.851,India,,,,,,,
01-08-1933,25.823,India,,,,,,,
01-09-1933,25.645,India,,,,,,,
01-10-1933,23.937,India,,,,,,,
01-11-1933,20.428,India,,,,,,,
01-12-1933,17.294,India,,,,,,,
01-01-1934,15.991,India,,,,,,,
01-02-1934,19.725,India,,,,,,,
01-03-1934,23.297,India,,,,,,,
01-04-1934,27.732,India,,,,,,,
01-05-1934,29.917,India,,,,,,,
01-06-1934,28.853,India,,,,,,,
01-07-1934,26.77,India,,,,,,,
01-08-1934,26.026,India,,,,,,,
01-09-1934,26.073,India,,,,,,,
01-10-1934,23.767,India,,,,,,,
01-11-1934,19.761,India,,,,,,,
01-12-1934,17.297,India,,,,,,,
01-01-1935,15.888,India,,,,,,,
01-02-1935,19.379,India,,,,,,,
01-03-1935,23.618,India,,,,,,,
01-04-1935,25.859,India,,,,,,,
01-05-1935,30.518,India,,,,,,,
01-06-1935,29.711,India,,,,,,,
01-07-1935,26.714,India,,,,,,,
01-08-1935,25.858,India,,,,,,,
01-09-1935,25.639,India,,,,,,,
01-10-1935,24.042,India,,,,,,,
01-11-1935,20.556,India,,,,,,,
01-12-1935,17.36,India,,,,,,,
01-01-1936,16.589,India,,,,,,,
01-02-1936,19.189,India,,,,,,,
01-03-1936,23.562,India,,,,,,,
01-04-1936,27.229,India,,,,,,,
01-05-1936,30.41,India,,,,,,,
01-06-1936,27.68,India,,,,,,,
01-07-1936,26.706,India,,,,,,,
01-08-1936,26.211,India,,,,,,,
01-09-1936,26.074,India,,,,,,,
01-10-1936,24.151,India,,,,,,,
01-11-1936,20.903,India,,,,,,,
01-12-1936,17.314,India,,,,,,,
01-01-1937,16.143,India,,,,,,,
01-02-1937,19.608,India,,,,,,,
01-03-1937,22.893,India,,,,,,,
01-04-1937,26.327,India,,,,,,,
01-05-1937,29.823,India,,,,,,,
01-06-1937,29.554,India,,,,,,,
01-07-1937,26.657,India,,,,,,,
01-08-1937,26.477,India,,,,,,,
01-09-1937,26.214,India,,,,,,,
01-10-1937,23.794,India,,,,,,,
01-11-1937,20.539,India,,,,,,,
01-12-1937,16.466,India,,,,,,,
01-01-1938,17.305,India,,,,,,,
01-02-1938,18.346,India,,,,,,,
01-03-1938,24.786,India,,,,,,,
01-04-1938,28.108,India,,,,,,,
01-05-1938,30.312,India,,,,,,,
01-06-1938,27.459,India,,,,,,,
01-07-1938,26.655,India,,,,,,,
01-08-1938,26.361,India,,,,,,,
01-09-1938,26.284,India,,,,,,,
01-10-1938,24.36,India,,,,,,,
01-11-1938,19.572,India,,,,,,,
01-12-1938,17.155,India,,,,,,,
01-01-1939,17.484,India,,,,,,,
01-02-1939,19.606,India,,,,,,,
01-03-1939,22.512,India,,,,,,,
01-04-1939,26.9,India,,,,,,,
01-05-1939,30.429,India,,,,,,,
01-06-1939,28.862,India,,,,,,,
01-07-1939,26.785,India,,,,,,,
01-08-1939,26.702,India,,,,,,,
01-09-1939,26.148,India,,,,,,,
01-10-1939,24.775,India,,,,,,,
01-11-1939,20.425,India,,,,,,,
01-12-1939,17.291,India,,,,,,,
01-01-1940,16.722,India,,,,,,,
01-02-1940,19.296,India,,,,,,,
01-03-1940,22.363,India,,,,,,,
01-04-1940,26.928,India,,,,,,,
01-05-1940,30.061,India,,,,,,,
01-06-1940,29.209,India,,,,,,,
01-07-1940,26.86,India,,,,,,,
01-08-1940,26.046,India,,,,,,,
01-09-1940,26.077,India,,,,,,,
01-10-1940,24.615,India,,,,,,,
01-11-1940,21.33,India,,,,,,,
01-12-1940,17.32,India,,,,,,,
01-01-1941,16.932,India,,,,,,,
01-02-1941,19.978,India,,,,,,,
01-03-1941,25.153,India,,,,,,,
01-04-1941,28.997,India,,,,,,,
01-05-1941,30.595,India,,,,,,,
01-06-1941,29.106,India,,,,,,,
01-07-1941,27.493,India,,,,,,,
01-08-1941,26.872,India,,,,,,,
01-09-1941,26.452,India,,,,,,,
01-10-1941,25.358,India,,,,,,,
01-11-1941,20.846,India,,,,,,,
01-12-1941,18.309,India,,,,,,,
01-01-1942,16.664,India,,,,,,,
01-02-1942,19.789,India,,,,,,,
01-03-1942,24.535,India,,,,,,,
01-04-1942,28.23,India,,,,,,,
01-05-1942,30.642,India,,,,,,,
01-06-1942,30.039,India,,,,,,,
01-07-1942,26.631,India,,,,,,,
01-08-1942,25.974,India,,,,,,,
01-09-1942,25.663,India,,,,,,,
01-10-1942,24.346,India,,,,,,,
01-11-1942,20.919,India,,,,,,,
01-12-1942,17.094,India,,,,,,,
01-01-1943,17.534,India,,,,,,,
01-02-1943,18.873,India,,,,,,,
01-03-1943,24.052,India,,,,,,,
01-04-1943,26.655,India,,,,,,,
01-05-1943,29.941,India,,,,,,,
01-06-1943,28.726,India,,,,,,,
01-07-1943,26.638,India,,,,,,,
01-08-1943,25.807,India,,,,,,,
01-09-1943,25.931,India,,,,,,,
01-10-1943,24.076,India,,,,,,,
01-11-1943,21.077,India,,,,,,,
01-12-1943,17.552,India,,,,,,,
01-01-1944,16.725,India,,,,,,,
01-02-1944,18.788,India,,,,,,,
01-03-1944,22.7,India,,,,,,,
01-04-1944,26.484,India,,,,,,,
01-05-1944,30.657,India,,,,,,,
01-06-1944,29.248,India,,,,,,,
01-07-1944,26.608,India,,,,,,,
01-08-1944,26.276,India,,,,,,,
01-09-1944,25.992,India,,,,,,,
01-10-1944,23.954,India,,,,,,,
01-11-1944,20.681,India,,,,,,,
01-12-1944,18.062,India,,,,,,,
01-01-1945,15.918,India,,,,,,,
01-02-1945,18.778,India,,,,,,,
01-03-1945,24.102,India,,,,,,,
01-04-1945,26.543,India,,,,,,,
01-05-1945,29.869,India,,,,,,,
01-06-1945,29.652,India,,,,,,,
01-07-1945,26.747,India,,,,,,,
01-08-1945,26.475,India,,,,,,,
01-09-1945,25.905,India,,,,,,,
01-10-1945,23.807,India,,,,,,,
01-11-1945,20.12,India,,,,,,,
01-12-1945,16.143,India,,,,,,,
01-01-1946,16.905,India,,,,,,,
01-02-1946,20.413,India,,,,,,,
01-03-1946,23.832,India,,,,,,,
01-04-1946,27.86,India,,,,,,,
01-05-1946,29.843,India,,,,,,,
01-06-1946,28.625,India,,,,,,,
01-07-1946,26.767,India,,,,,,,
01-08-1946,26.177,India,,,,,,,
01-09-1946,26.045,India,,,,,,,
01-10-1946,24.643,India,,,,,,,
01-11-1946,20.712,India,,,,,,,
01-12-1946,17.791,India,,,,,,,
01-01-1947,16.861,India,,,,,,,
01-02-1947,19.518,India,,,,,,,
01-03-1947,24.311,India,,,,,,,
01-04-1947,28.103,India,,,,,,,
01-05-1947,30.586,India,,,,,,,
01-06-1947,30.128,India,,,,,,,
01-07-1947,27.14,India,,,,,,,
01-08-1947,26.673,India,,,,,,,
01-09-1947,25.805,India,,,,,,,
01-10-1947,23.524,India,,,,,,,
01-11-1947,20.986,India,,,,,,,
01-12-1947,17.719,India,,,,,,,
01-01-1948,17.289,India,,,,,,,
01-02-1948,19.3,India,,,,,,,
01-03-1948,23.455,India,,,,,,,
01-04-1948,28.277,India,,,,,,,
01-05-1948,30.765,India,,,,,,,
01-06-1948,29.748,India,,,,,,,
01-07-1948,26.999,India,,,,,,,
01-08-1948,26.161,India,,,,,,,
01-09-1948,25.975,India,,,,,,,
01-10-1948,24.611,India,,,,,,,
01-11-1948,20.874,India,,,,,,,
01-12-1948,16.826,India,,,,,,,
01-01-1949,17.703,India,,,,,,,
01-02-1949,19.189,India,,,,,,,
01-03-1949,24.296,India,,,,,,,
01-04-1949,27.935,India,,,,,,,
01-05-1949,30.044,India,,,,,,,
01-06-1949,28.988,India,,,,,,,
01-07-1949,26.817,India,,,,,,,
01-08-1949,26.383,India,,,,,,,
01-09-1949,26.235,India,,,,,,,
01-10-1949,24.559,India,,,,,,,
01-11-1949,19.68,India,,,,,,,
01-12-1949,16.738,India,,,,,,,
01-01-1950,17.318,India,,,,,,,
01-02-1950,18.305,India,,,,,,,
01-03-1950,22.933,India,,,,,,,
01-04-1950,27.13,India,,,,,,,
01-05-1950,30.267,India,,,,,,,
01-06-1950,29.23,India,,,,,,,
01-07-1950,26.582,India,,,,,,,
01-08-1950,26.194,India,,,,,,,
01-09-1950,25.711,India,,,,,,,
01-10-1950,23.842,India,,,,,,,
01-11-1950,19.818,India,,,,,,,
01-12-1950,16.582,India,,,,,,,
01-01-1951,16.331,India,,,,,,,
01-02-1951,19.315,India,,,,,,,
01-03-1951,23.841,India,,,,,,,
01-04-1951,26.345,India,,,,,,,
01-05-1951,29.826,India,,,,,,,
01-06-1951,29.103,India,,,,,,,
01-07-1951,27.47,India,,,,,,,
01-08-1951,26.548,India,,,,,,,
01-09-1951,26.762,India,,,,,,,
01-10-1951,26.005,India,,,,,,,
01-11-1951,21.601,India,,,,,,,
01-12-1951,17.501,India,,,,,,,
01-01-1952,17.707,India,,,,,,,
01-02-1952,20.749,India,,,,,,,
01-03-1952,23.39,India,,,,,,,
01-04-1952,28.295,India,,,,,,,
01-05-1952,30.426,India,,,,,,,
01-06-1952,29.302,India,,,,,,,
01-07-1952,27.036,India,,,,,,,
01-08-1952,26.085,India,,,,,,,
01-09-1952,26.315,India,,,,,,,
01-10-1952,24.624,India,,,,,,,
01-11-1952,20.51,India,,,,,,,
01-12-1952,17.947,India,,,,,,,
01-01-1953,16.733,India,,,,,,,
01-02-1953,20.812,India,,,,,,,
01-03-1953,25.969,India,,,,,,,
01-04-1953,28.049,India,,,,,,,
01-05-1953,30.717,India,,,,,,,
01-06-1953,29.89,India,,,,,,,
01-07-1953,26.922,India,,,,,,,
01-08-1953,26.251,India,,,,,,,
01-09-1953,26.126,India,,,,,,,
01-10-1953,24.296,India,,,,,,,
01-11-1953,20.544,India,,,,,,,
01-12-1953,18.43,India,,,,,,,
01-01-1954,16.445,India,,,,,,,
01-02-1954,20.633,India,,,,,,,
01-03-1954,24.173,India,,,,,,,
01-04-1954,28.436,India,,,,,,,
01-05-1954,30.921,India,,,,,,,
01-06-1954,29.378,India,,,,,,,
01-07-1954,26.932,India,,,,,,,
01-08-1954,26.603,India,,,,,,,
01-09-1954,25.871,India,,,,,,,
01-10-1954,23.112,India,,,,,,,
01-11-1954,20.084,India,,,,,,,
01-12-1954,17.418,India,,,,,,,
01-01-1955,17.075,India,,,,,,,
01-02-1955,20.014,India,,,,,,,
01-03-1955,25.048,India,,,,,,,
01-04-1955,26.636,India,,,,,,,
01-05-1955,29.526,India,,,,,,,
01-06-1955,29.15,India,,,,,,,
01-07-1955,26.999,India,,,,,,,
01-08-1955,26.022,India,,,,,,,
01-09-1955,26.008,India,,,,,,,
01-10-1955,23.898,India,,,,,,,
01-11-1955,19.913,India,,,,,,,
01-12-1955,17.137,India,,,,,,,
01-01-1956,17.035,India,,,,,,,
01-02-1956,19.273,India,,,,,,,
01-03-1956,24.437,India,,,,,,,
01-04-1956,28.282,India,,,,,,,
01-05-1956,30.411,India,,,,,,,
01-06-1956,28.155,India,,,,,,,
01-07-1956,25.997,India,,,,,,,
01-08-1956,25.901,India,,,,,,,
01-09-1956,26.001,India,,,,,,,
01-10-1956,23.629,India,,,,,,,
01-11-1956,20.167,India,,,,,,,
01-12-1956,17.508,India,,,,,,,
01-01-1957,17.035,India,,,,,,,
01-02-1957,18.576,India,,,,,,,
01-03-1957,22.721,India,,,,,,,
01-04-1957,27.015,India,,,,,,,
01-05-1957,29.611,India,,,,,,,
01-06-1957,29.478,India,,,,,,,
01-07-1957,27.105,India,,,,,,,
01-08-1957,26.495,India,,,,,,,
01-09-1957,26.213,India,,,,,,,
01-10-1957,24.596,India,,,,,,,
01-11-1957,21.349,India,,,,,,,
01-12-1957,18.123,India,,,,,,,
01-01-1958,18.31,India,,,,,,,
01-02-1958,19.862,India,,,,,,,
01-03-1958,24.626,India,,,,,,,
01-04-1958,28.768,India,,,,,,,
01-05-1958,30.492,India,,,,,,,
01-06-1958,30.656,India,,,,,,,
01-07-1958,27.074,India,,,,,,,
01-08-1958,26.62,India,,,,,,,
01-09-1958,26.056,India,,,,,,,
01-10-1958,24.456,India,,,,,,,
01-11-1958,21.192,India,,,,,,,
01-12-1958,18.004,India,,,,,,,
01-01-1959,17.45,India,,,,,,,
01-02-1959,19.402,India,,,,,,,
01-03-1959,24.544,India,,,,,,,
01-04-1959,28.041,India,,,,,,,
01-05-1959,30.207,India,,,,,,,
01-06-1959,29.347,India,,,,,,,
01-07-1959,26.647,India,,,,,,,
01-08-1959,26.261,India,,,,,,,
01-09-1959,26.001,India,,,,,,,
01-10-1959,24.64,India,,,,,,,
01-11-1959,20.762,India,,,,,,,
01-12-1959,17.9,India,,,,,,,
01-01-1960,16.885,India,,,,,,,
01-02-1960,20.962,India,,,,,,,
01-03-1960,23.285,India,,,,,,,
01-04-1960,27.488,India,,,,,,,
01-05-1960,30.185,India,,,,,,,
01-06-1960,29.581,India,,,,,,,
01-07-1960,27.091,India,,,,,,,
01-08-1960,26.53,India,,,,,,,
01-09-1960,26.517,India,,,,,,,
01-10-1960,24.382,India,,,,,,,
01-11-1960,20.403,India,,,,,,,
01-12-1960,18.137,India,,,,,,,
01-01-1961,17.514,India,,,,,,,
01-02-1961,18.335,India,,,,,,,
01-03-1961,24.665,India,,,,,,,
01-04-1961,27.743,India,,,,,,,
01-05-1961,29.963,India,,,,,,,
01-06-1961,28.716,India,,,,,,,
01-07-1961,26.677,India,,,,,,,
01-08-1961,26.462,India,,,,,,,
01-09-1961,25.882,India,,,,,,,
01-10-1961,23.896,India,,,,,,,
01-11-1961,19.907,India,,,,,,,
01-12-1961,16.023,India,,,,,,,
01-01-1962,15.838,India,,,,,,,
01-02-1962,19.62,India,,,,,,,
01-03-1962,23.545,India,,,,,,,
01-04-1962,27.634,India,,,,,,,
01-05-1962,29.728,India,,,,,,,
01-06-1962,29.275,India,,,,,,,
01-07-1962,27.299,India,,,,,,,
01-08-1962,26.316,India,,,,,,,
01-09-1962,25.816,India,,,,,,,
01-10-1962,23.673,India,,,,,,,
01-11-1962,20.493,India,,,,,,,
01-12-1962,17.38,India,,,,,,,
01-01-1963,16.554,India,,,,,,,
01-02-1963,20.342,India,,,,,,,
01-03-1963,23.609,India,,,,,,,
01-04-1963,26.827,India,,,,,,,
01-05-1963,29.309,India,,,,,,,
01-06-1963,28.943,India,,,,,,,
01-07-1963,27.324,India,,,,,,,
01-08-1963,26.209,India,,,,,,,
01-09-1963,26.146,India,,,,,,,
01-10-1963,24.631,India,,,,,,,
01-11-1963,21.437,India,,,,,,,
01-12-1963,17.818,India,,,,,,,
01-01-1964,16.468,India,,,,,,,
01-02-1964,19.665,India,,,,,,,
01-03-1964,25.022,India,,,,,,,
01-04-1964,28.314,India,,,,,,,
01-05-1964,29.573,India,,,,,,,
01-06-1964,29.097,India,,,,,,,
01-07-1964,26.491,India,,,,,,,
01-08-1964,26.171,India,,,,,,,
01-09-1964,25.911,India,,,,,,,
01-10-1964,24.587,India,,,,,,,
01-11-1964,20.232,India,,,,,,,
01-12-1964,17.315,India,,,,,,,
01-01-1965,17.907,India,,,,,,,
01-02-1965,19.505,India,,,,,,,
01-03-1965,23.14,India,,,,,,,
01-04-1965,26.503,India,,,,,,,
01-05-1965,29.366,India,,,,,,,
01-06-1965,29.666,India,,,,,,,
01-07-1965,26.834,India,,,,,,,
01-08-1965,26.313,India,,,,,,,
01-09-1965,26.041,India,,,,,,,
01-10-1965,24.829,India,,,,,,,
01-11-1965,21.368,India,,,,,,,
01-12-1965,17.619,India,,,,,,,
01-01-1966,17.543,India,,,,,,,
01-02-1966,21.076,India,,,,,,,
01-03-1966,24.008,India,,,,,,,
01-04-1966,27.748,India,,,,,,,
01-05-1966,30.114,India,,,,,,,
01-06-1966,29.15,India,,,,,,,
01-07-1966,27.668,India,,,,,,,
01-08-1966,26.49,India,,,,,,,
01-09-1966,26.096,India,,,,,,,
01-10-1966,24.621,India,,,,,,,
01-11-1966,21.457,India,,,,,,,
01-12-1966,17.292,India,,,,,,,
01-01-1967,16.668,India,,,,,,,
01-02-1967,20.594,India,,,,,,,
01-03-1967,22.982,India,,,,,,,
01-04-1967,26.908,India,,,,,,,
01-05-1967,29.777,India,,,,,,,
01-06-1967,29.481,India,,,,,,,
01-07-1967,26.967,India,,,,,,,
01-08-1967,26.023,India,,,,,,,
01-09-1967,25.871,India,,,,,,,
01-10-1967,23.98,India,,,,,,,
01-11-1967,20.492,India,,,,,,,
01-12-1967,18.162,India,,,,,,,
01-01-1968,16.341,India,,,,,,,
01-02-1968,18.659,India,,,,,,,
01-03-1968,23.477,India,,,,,,,
01-04-1968,26.827,India,,,,,,,
01-05-1968,29.368,India,,,,,,,
01-06-1968,29.21,India,,,,,,,
01-07-1968,26.948,India,,,,,,,
01-08-1968,26.311,India,,,,,,,
01-09-1968,26.786,India,,,,,,,
01-10-1968,23.995,India,,,,,,,
01-11-1968,20.794,India,,,,,,,
01-12-1968,17.661,India,,,,,,,
01-01-1969,17.129,India,,,,,,,
01-02-1969,20.236,India,,,,,,,
01-03-1969,25.479,India,,,,,,,
01-04-1969,28.122,India,,,,,,,
01-05-1969,29.537,India,,,,,,,
01-06-1969,29.708,India,,,,,,,
01-07-1969,27.086,India,,,,,,,
01-08-1969,26.273,India,,,,,,,
01-09-1969,25.968,India,,,,,,,
01-10-1969,24.706,India,,,,,,,
01-11-1969,21.852,India,,,,,,,
01-12-1969,17.918,India,,,,,,,
01-01-1970,17.4,India,,,,,,,
01-02-1970,19.679,India,,,,,,,
01-03-1970,23.807,India,,,,,,,
01-04-1970,28.212,India,,,,,,,
01-05-1970,30.42,India,,,,,,,
01-06-1970,28.263,India,,,,,,,
01-07-1970,27.102,India,,,,,,,
01-08-1970,26.246,India,,,,,,,
01-09-1970,25.975,India,,,,,,,
01-10-1970,24.582,India,,,,,,,
01-11-1970,20.204,India,,,,,,,
01-12-1970,16.999,India,,,,,,,
01-01-1971,16.778,India,,,,,,,
01-02-1971,19.526,India,,,,,,,
01-03-1971,23.577,India,,,,,,,
01-04-1971,27.642,India,,,,,,,
01-05-1971,28.794,India,,,,,,,
01-06-1971,27.651,India,,,,,,,
01-07-1971,26.391,India,,,,,,,
01-08-1971,25.901,India,,,,,,,
01-09-1971,26.05,India,,,,,,,
01-10-1971,24.049,India,,,,,,,
01-11-1971,20.125,India,,,,,,,
01-12-1971,17.124,India,,,,,,,
01-01-1972,17.132,India,,,,,,,
01-02-1972,18.156,India,,,,,,,
01-03-1972,24.385,India,,,,,,,
01-04-1972,27.132,India,,,,,,,
01-05-1972,30.29,India,,,,,,,
01-06-1972,30.242,India,,,,,,,
01-07-1972,27.55,India,,,,,,,
01-08-1972,26.532,India,,,,,,,
01-09-1972,26.145,India,,,,,,,
01-10-1972,24.411,India,,,,,,,
01-11-1972,20.974,India,,,,,,,
01-12-1972,18.317,India,,,,,,,
01-01-1973,17.62,India,,,,,,,
01-02-1973,20.866,India,,,,,,,
01-03-1973,24.178,India,,,,,,,
01-04-1973,29.166,India,,,,,,,
01-05-1973,30.69,India,,,,,,,
01-06-1973,29.277,India,,,,,,,
01-07-1973,26.986,India,,,,,,,
01-08-1973,26.093,India,,,,,,,
01-09-1973,26.002,India,,,,,,,
01-10-1973,24.209,India,,,,,,,
01-11-1973,20.516,India,,,,,,,
01-12-1973,17.036,India,,,,,,,
01-01-1974,16.738,India,,,,,,,
01-02-1974,19.245,India,,,,,,,
01-03-1974,24.923,India,,,,,,,
01-04-1974,28.495,India,,,,,,,
01-05-1974,29.697,India,,,,,,,
01-06-1974,29.101,India,,,,,,,
01-07-1974,26.961,India,,,,,,,
01-08-1974,26.479,India,,,,,,,
01-09-1974,26.544,India,,,,,,,
01-10-1974,24.768,India,,,,,,,
01-11-1974,20.471,India,,,,,,,
01-12-1974,16.687,India,,,,,,,
01-01-1975,16.257,India,,,,,,,
01-02-1975,19.372,India,,,,,,,
01-03-1975,23.703,India,,,,,,,
01-04-1975,28.273,India,,,,,,,
01-05-1975,30.431,India,,,,,,,
01-06-1975,28.879,India,,,,,,,
01-07-1975,26.416,India,,,,,,,
01-08-1975,26.195,India,,,,,,,
01-09-1975,25.576,India,,,,,,,
01-10-1975,24.676,India,,,,,,,
01-11-1975,19.646,India,,,,,,,
01-12-1975,16.922,India,,,,,,,
01-01-1976,16.913,India,,,,,,,
01-02-1976,19.725,India,,,,,,,
01-03-1976,24.028,India,,,,,,,
01-04-1976,27.148,India,,,,,,,
01-05-1976,29.785,India,,,,,,,
01-06-1976,28.542,India,,,,,,,
01-07-1976,26.897,India,,,,,,,
01-08-1976,25.791,India,,,,,,,
01-09-1976,25.841,India,,,,,,,
01-10-1976,25.04,India,,,,,,,
01-11-1976,22.473,India,,,,,,,
01-12-1976,18.212,India,,,,,,,
01-01-1977,17.035,India,,,,,,,
01-02-1977,20.25,India,,,,,,,
01-03-1977,25.44,India,,,,,,,
01-04-1977,27.388,India,,,,,,,
01-05-1977,28.856,India,,,,,,,
01-06-1977,28.768,India,,,,,,,
01-07-1977,26.619,India,,,,,,,
01-08-1977,26.285,India,,,,,,,
01-09-1977,25.927,India,,,,,,,
01-10-1977,24.633,India,,,,,,,
01-11-1977,22.308,India,,,,,,,
01-12-1977,17.958,India,,,,,,,
01-01-1978,16.64,India,,,,,,,
01-02-1978,19.077,India,,,,,,,
01-03-1978,22.812,India,,,,,,,
01-04-1978,27.576,India,,,,,,,
01-05-1978,30.939,India,,,,,,,
01-06-1978,28.742,India,,,,,,,
01-07-1978,26.344,India,,,,,,,
01-08-1978,26.008,India,,,,,,,
01-09-1978,25.846,India,,,,,,,
01-10-1978,24.696,India,,,,,,,
01-11-1978,21.694,India,,,,,,,
01-12-1978,17.714,India,,,,,,,
01-01-1979,17.828,India,,,,,,,
01-02-1979,19.082,India,,,,,,,
01-03-1979,23.214,India,,,,,,,
01-04-1979,28.217,India,,,,,,,
01-05-1979,29.686,India,,,,,,,
01-06-1979,30.009,India,,,,,,,
01-07-1979,27.479,India,,,,,,,
01-08-1979,26.629,India,,,,,,,
01-09-1979,26.475,India,,,,,,,
01-10-1979,25.165,India,,,,,,,
01-11-1979,22.516,India,,,,,,,
01-12-1979,18.343,India,,,,,,,
01-01-1980,17.593,India,,,,,,,
01-02-1980,20.495,India,,,,,,,
01-03-1980,24.071,India,,,,,,,
01-04-1980,28.968,India,,,,,,,
01-05-1980,31.054,India,,,,,,,
01-06-1980,28.638,India,,,,,,,
01-07-1980,26.887,India,,,,,,,
01-08-1980,26.356,India,,,,,,,
01-09-1980,26.529,India,,,,,,,
01-10-1980,25.015,India,,,,,,,
01-11-1980,21.517,India,,,,,,,
01-12-1980,17.994,India,,,,,,,
01-01-1981,17.067,India,,,,,,,
01-02-1981,20.37,India,,,,,,,
01-03-1981,23.57,India,,,,,,,
01-04-1981,27.894,India,,,,,,,
01-05-1981,29.998,India,,,,,,,
01-06-1981,29.792,India,,,,,,,
01-07-1981,26.82,India,,,,,,,
01-08-1981,26.405,India,,,,,,,
01-09-1981,26.406,India,,,,,,,
01-10-1981,24.626,India,,,,,,,
01-11-1981,20.366,India,,,,,,,
01-12-1981,17.427,India,,,,,,,
01-01-1982,17.866,India,,,,,,,
01-02-1982,19.358,India,,,,,,,
01-03-1982,22.928,India,,,,,,,
01-04-1982,27.155,India,,,,,,,
01-05-1982,29.069,India,,,,,,,
01-06-1982,29.306,India,,,,,,,
01-07-1982,27.911,India,,,,,,,
01-08-1982,26.397,India,,,,,,,
01-09-1982,26.444,India,,,,,,,
01-10-1982,24.975,India,,,,,,,
01-11-1982,21.074,India,,,,,,,
01-12-1982,18.136,India,,,,,,,
01-01-1983,16.758,India,,,,,,,
01-02-1983,19.091,India,,,,,,,
01-03-1983,23.603,India,,,,,,,
01-04-1983,26.473,India,,,,,,,
01-05-1983,29.619,India,,,,,,,
01-06-1983,29.762,India,,,,,,,
01-07-1983,27.492,India,,,,,,,
01-08-1983,26.625,India,,,,,,,
01-09-1983,26.238,India,,,,,,,
01-10-1983,24.043,India,,,,,,,
01-11-1983,20.182,India,,,,,,,
01-12-1983,17.37,India,,,,,,,
01-01-1984,16.993,India,,,,,,,
01-02-1984,18.677,India,,,,,,,
01-03-1984,24.742,India,,,,,,,
01-04-1984,28.079,India,,,,,,,
01-05-1984,31.199,India,,,,,,,
01-06-1984,29.026,India,,,,,,,
01-07-1984,26.721,India,,,,,,,
01-08-1984,26.187,India,,,,,,,
01-09-1984,25.646,India,,,,,,,
01-10-1984,24.396,India,,,,,,,
01-11-1984,20.395,India,,,,,,,
01-12-1984,18.16,India,,,,,,,
01-01-1985,17.592,India,,,,,,,
01-02-1985,19.996,India,,,,,,,
01-03-1985,25.561,India,,,,,,,
01-04-1985,28.279,India,,,,,,,
01-05-1985,30.506,India,,,,,,,
01-06-1985,29.167,India,,,,,,,
01-07-1985,26.684,India,,,,,,,
01-08-1985,26.381,India,,,,,,,
01-09-1985,26.354,India,,,,,,,
01-10-1985,23.814,India,,,,,,,
01-11-1985,20.913,India,,,,,,,
01-12-1985,18.589,India,,,,,,,
01-01-1986,17.185,India,,,,,,,
01-02-1986,19.553,India,,,,,,,
01-03-1986,24.088,India,,,,,,,
01-04-1986,27.84,India,,,,,,,
01-05-1986,29.572,India,,,,,,,
01-06-1986,29.323,India,,,,,,,
01-07-1986,26.944,India,,,,,,,
01-08-1986,26.365,India,,,,,,,
01-09-1986,26.606,India,,,,,,,
01-10-1986,24.651,India,,,,,,,
01-11-1986,21.683,India,,,,,,,
01-12-1986,17.724,India,,,,,,,
01-01-1987,17.611,India,,,,,,,
01-02-1987,20.292,India,,,,,,,
01-03-1987,24.256,India,,,,,,,
01-04-1987,28.111,India,,,,,,,
01-05-1987,29.22,India,,,,,,,
01-06-1987,30.216,India,,,,,,,
01-07-1987,28.174,India,,,,,,,
01-08-1987,27.42,India,,,,,,,
01-09-1987,27.327,India,,,,,,,
01-10-1987,25.159,India,,,,,,,
01-11-1987,21.655,India,,,,,,,
01-12-1987,18.028,India,,,,,,,
01-01-1988,18.235,India,,,,,,,
01-02-1988,20.945,India,,,,,,,
01-03-1988,24.296,India,,,,,,,
01-04-1988,28.377,India,,,,,,,
01-05-1988,31.21,India,,,,,,,
01-06-1988,29.462,India,,,,,,,
01-07-1988,26.92,India,,,,,,,
01-08-1988,26.585,India,,,,,,,
01-09-1988,26.809,India,,,,,,,
01-10-1988,24.609,India,,,,,,,
01-11-1988,20.973,India,,,,,,,
01-12-1988,18.312,India,,,,,,,
01-01-1989,16.735,India,,,,,,,
01-02-1989,19.495,India,,,,,,,
01-03-1989,23.577,India,,,,,,,
01-04-1989,27.495,India,,,,,,,
01-05-1989,30.493,India,,,,,,,
01-06-1989,28.56,India,,,,,,,
01-07-1989,27.036,India,,,,,,,
01-08-1989,26.333,India,,,,,,,
01-09-1989,26.362,India,,,,,,,
01-10-1989,24.874,India,,,,,,,
01-11-1989,21.406,India,,,,,,,
01-12-1989,17.582,India,,,,,,,
01-01-1990,18.557,India,,,,,,,
01-02-1990,20.005,India,,,,,,,
01-03-1990,22.989,India,,,,,,,
01-04-1990,27.58,India,,,,,,,
01-05-1990,29.199,India,,,,,,,
01-06-1990,28.837,India,,,,,,,
01-07-1990,26.53,India,,,,,,,
01-08-1990,26.508,India,,,,,,,
01-09-1990,26.164,India,,,,,,,
01-10-1990,24.005,India,,,,,,,
01-11-1990,21.602,India,,,,,,,
01-12-1990,18.162,India,,,,,,,
01-01-1991,16.987,India,,,,,,,
01-02-1991,20.454,India,,,,,,,
01-03-1991,24.437,India,,,,,,,
01-04-1991,27.351,India,,,,,,,
01-05-1991,30.459,India,,,,,,,
01-06-1991,29.034,India,,,,,,,
01-07-1991,27.572,India,,,,,,,
01-08-1991,26.29,India,,,,,,,
01-09-1991,26.508,India,,,,,,,
01-10-1991,24.381,India,,,,,,,
01-11-1991,20.628,India,,,,,,,
01-12-1991,17.64,India,,,,,,,
01-01-1992,17.102,India,,,,,,,
01-02-1992,18.975,India,,,,,,,
01-03-1992,24.228,India,,,,,,,
01-04-1992,27.746,India,,,,,,,
01-05-1992,29.694,India,,,,,,,
01-06-1992,29.914,India,,,,,,,
01-07-1992,27.43,India,,,,,,,
01-08-1992,26.256,India,,,,,,,
01-09-1992,26.041,India,,,,,,,
01-10-1992,24.423,India,,,,,,,
01-11-1992,21.091,India,,,,,,,
01-12-1992,17.775,India,,,,,,,
01-01-1993,17.481,India,,,,,,,
01-02-1993,20.357,India,,,,,,,
01-03-1993,23.076,India,,,,,,,
01-04-1993,27.607,India,,,,,,,
01-05-1993,30.554,India,,,,,,,
01-06-1993,29.499,India,,,,,,,
01-07-1993,27.289,India,,,,,,,
01-08-1993,26.911,India,,,,,,,
01-09-1993,26,India,,,,,,,
01-10-1993,24.869,India,,,,,,,
01-11-1993,21.416,India,,,,,,,
01-12-1993,17.845,India,,,,,,,
01-01-1994,18.15,India,,,,,,,
01-02-1994,19.451,India,,,,,,,
01-03-1994,25.081,India,,,,,,,
01-04-1994,27.096,India,,,,,,,
01-05-1994,30.833,India,,,,,,,
01-06-1994,29.13,India,,,,,,,
01-07-1994,26.566,India,,,,,,,
01-08-1994,26.25,India,,,,,,,
01-09-1994,26.066,India,,,,,,,
01-10-1994,24.338,India,,,,,,,
01-11-1994,21.033,India,,,,,,,
01-12-1994,17.563,India,,,,,,,
01-01-1995,16.241,India,,,,,,,
01-02-1995,19.761,India,,,,,,,
01-03-1995,23.476,India,,,,,,,
01-04-1995,27.539,India,,,,,,,
01-05-1995,30.265,India,,,,,,,
01-06-1995,30.65,India,,,,,,,
01-07-1995,27.307,India,,,,,,,
01-08-1995,26.712,India,,,,,,,
01-09-1995,26.558,India,,,,,,,
01-10-1995,25.071,India,,,,,,,
01-11-1995,21.247,India,,,,,,,
01-12-1995,18.33,India,,,,,,,
01-01-1996,17.819,India,,,,,,,
01-02-1996,20.237,India,,,,,,,
01-03-1996,25.032,India,,,,,,,
01-04-1996,27.803,India,,,,,,,
01-05-1996,30.506,India,,,,,,,
01-06-1996,29.185,India,,,,,,,
01-07-1996,27.31,India,,,,,,,
01-08-1996,26.11,India,,,,,,,
01-09-1996,26.435,India,,,,,,,
01-10-1996,24.263,India,,,,,,,
01-11-1996,21.013,India,,,,,,,
01-12-1996,17.53,India,,,,,,,
01-01-1997,16.666,India,,,,,,,
01-02-1997,19.247,India,,,,,,,
01-03-1997,24.18,India,,,,,,,
01-04-1997,26.243,India,,,,,,,
01-05-1997,29.47,India,,,,,,,
01-06-1997,29.067,India,,,,,,,
01-07-1997,27.504,India,,,,,,,
01-08-1997,26.696,India,,,,,,,
01-09-1997,26.428,India,,,,,,,
01-10-1997,23.828,India,,,,,,,
01-11-1997,21.638,India,,,,,,,
01-12-1997,17.601,India,,,,,,,
01-01-1998,17.511,India,,,,,,,
01-02-1998,20.157,India,,,,,,,
01-03-1998,23.313,India,,,,,,,
01-04-1998,28.3,India,,,,,,,
01-05-1998,31.176,India,,,,,,,
01-06-1998,30.215,India,,,,,,,
01-07-1998,27.538,India,,,,,,,
01-08-1998,27.17,India,,,,,,,
01-09-1998,26.66,India,,,,,,,
01-10-1998,25.228,India,,,,,,,
01-11-1998,21.843,India,,,,,,,
01-12-1998,17.954,India,,,,,,,
01-01-1999,16.96,India,,,,,,,
01-02-1999,21.05,India,,,,,,,
01-03-1999,25.097,India,,,,,,,
01-04-1999,29.196,India,,,,,,,
01-05-1999,29.934,India,,,,,,,
01-06-1999,28.786,India,,,,,,,
01-07-1999,27.293,India,,,,,,,
01-08-1999,26.603,India,,,,,,,
01-09-1999,26.463,India,,,,,,,
01-10-1999,24.802,India,,,,,,,
01-11-1999,21.71,India,,,,,,,
01-12-1999,18.024,India,,,,,,,
01-01-2000,17.84,India,,,,,,,
01-02-2000,19.071,India,,,,,,,
01-03-2000,23.674,India,,,,,,,
01-04-2000,28.868,India,,,,,,,
01-05-2000,30.089,India,,,,,,,
01-06-2000,28.511,India,,,,,,,
01-07-2000,26.98,India,,,,,,,
01-08-2000,26.821,India,,,,,,,
01-09-2000,26.505,India,,,,,,,
01-10-2000,25.583,India,,,,,,,
01-11-2000,21.986,India,,,,,,,
01-12-2000,18.048,India,,,,,,,
01-01-2001,17.295,India,,,,,,,
01-02-2001,20.757,India,,,,,,,
01-03-2001,24.401,India,,,,,,,
01-04-2001,27.661,India,,,,,,,
01-05-2001,30.374,India,,,,,,,
01-06-2001,28.053,India,,,,,,,
01-07-2001,26.891,India,,,,,,,
01-08-2001,26.762,India,,,,,,,
01-09-2001,27.119,India,,,,,,,
01-10-2001,25.196,India,,,,,,,
01-11-2001,22.027,India,,,,,,,
01-12-2001,18.447,India,,,,,,,
01-01-2002,17.419,India,,,,,,,
01-02-2002,20.311,India,,,,,,,
01-03-2002,24.871,India,,,,,,,
01-04-2002,28.667,India,,,,,,,
01-05-2002,30.9,India,,,,,,,
01-06-2002,29.433,India,,,,,,,
01-07-2002,28.487,India,,,,,,,
01-08-2002,26.62,India,,,,,,,
01-09-2002,26.38,India,,,,,,,
01-10-2002,25.321,India,,,,,,,
01-11-2002,21.636,India,,,,,,,
01-12-2002,18.911,India,,,,,,,
01-01-2003,17.245,India,,,,,,,
01-02-2003,20.643,India,,,,,,,
01-03-2003,24.162,India,,,,,,,
01-04-2003,28.592,India,,,,,,,
01-05-2003,30.614,India,,,,,,,
01-06-2003,30.118,India,,,,,,,
01-07-2003,27.186,India,,,,,,,
01-08-2003,26.742,India,,,,,,,
01-09-2003,26.248,India,,,,,,,
01-10-2003,24.652,India,,,,,,,
01-11-2003,21.573,India,,,,,,,
01-12-2003,18.024,India,,,,,,,
01-01-2004,17.223,India,,,,,,,
01-02-2004,20.225,India,,,,,,,
01-03-2004,26.019,India,,,,,,,
01-04-2004,28.688,India,,,,,,,
01-05-2004,30.045,India,,,,,,,
01-06-2004,28.71,India,,,,,,,
01-07-2004,27.473,India,,,,,,,
01-08-2004,26.552,India,,,,,,,
01-09-2004,26.79,India,,,,,,,
01-10-2004,24.026,India,,,,,,,
01-11-2004,21.411,India,,,,,,,
01-12-2004,18.453,India,,,,,,,
01-01-2005,17.45,India,,,,,,,
01-02-2005,20.309,India,,,,,,,
01-03-2005,24.805,India,,,,,,,
01-04-2005,27.714,India,,,,,,,
01-05-2005,30.042,India,,,,,,,
01-06-2005,30.404,India,,,,,,,
01-07-2005,27.013,India,,,,,,,
01-08-2005,26.896,India,,,,,,,
01-09-2005,26.497,India,,,,,,,
01-10-2005,24.547,India,,,,,,,
01-11-2005,20.759,India,,,,,,,
01-12-2005,17.509,India,,,,,,,
01-01-2006,17.759,India,,,,,,,
01-02-2006,22.077,India,,,,,,,
01-03-2006,23.93,India,,,,,,,
01-04-2006,27.882,India,,,,,,,
01-05-2006,30.238,India,,,,,,,
01-06-2006,29.049,India,,,,,,,
01-07-2006,27.344,India,,,,,,,
01-08-2006,26.483,India,,,,,,,
01-09-2006,26.588,India,,,,,,,
01-10-2006,25.247,India,,,,,,,
01-11-2006,21.739,India,,,,,,,
01-12-2006,18.449,India,,,,,,,
01-01-2007,17.785,India,,,,,,,
01-02-2007,20.235,India,,,,,,,
01-03-2007,24.074,India,,,,,,,
01-04-2007,28.719,India,,,,,,,
01-05-2007,30.524,India,,,,,,,
01-06-2007,29.282,India,,,,,,,
01-07-2007,27.362,India,,,,,,,
01-08-2007,26.917,India,,,,,,,
01-09-2007,26.498,India,,,,,,,
01-10-2007,24.696,India,,,,,,,
01-11-2007,21.55,India,,,,,,,
01-12-2007,18.157,India,,,,,,,
01-01-2008,17.248,India,,,,,,,
01-02-2008,18.853,India,,,,,,,
01-03-2008,24.873,India,,,,,,,
01-04-2008,27.822,India,,,,,,,
01-05-2008,30.079,India,,,,,,,
01-06-2008,28.033,India,,,,,,,
01-07-2008,27.152,India,,,,,,,
01-08-2008,26.407,India,,,,,,,
01-09-2008,26.382,India,,,,,,,
01-10-2008,25.083,India,,,,,,,
01-11-2008,21.696,India,,,,,,,
01-12-2008,19.244,India,,,,,,,
01-01-2009,18.661,India,,,,,,,
01-02-2009,21.516,India,,,,,,,
01-03-2009,25.083,India,,,,,,,
01-04-2009,28.665,India,,,,,,,
01-05-2009,30.493,India,,,,,,,
01-06-2009,30.409,India,,,,,,,
01-07-2009,27.611,India,,,,,,,
01-08-2009,27.379,India,,,,,,,
01-09-2009,27.08,India,,,,,,,
01-10-2009,24.775,India,,,,,,,
01-11-2009,21.457,India,,,,,,,
01-12-2009,18.631,India,,,,,,,
01-01-2010,17.109,India,,,,,,,
01-02-2010,20.764,India,,,,,,,
01-03-2010,26.373,India,,,,,,,
01-04-2010,29.814,India,,,,,,,
01-05-2010,31.169,India,,,,,,,
01-06-2010,29.908,India,,,,,,,
01-07-2010,27.433,India,,,,,,,
01-08-2010,26.892,India,,,,,,,
01-09-2010,26.296,India,,,,,,,
01-10-2010,25.193,India,,,,,,,
01-11-2010,22.204,India,,,,,,,
01-12-2010,17.455,India,,,,,,,
01-01-2011,16.478,India,,,,,,,
01-02-2011,20.07,India,,,,,,,
01-03-2011,24.595,India,,,,,,,
01-04-2011,27.273,India,,,,,,,
01-05-2011,30.421,India,,,,,,,
01-06-2011,28.871,India,,,,,,,
01-07-2011,27.209,India,,,,,,,
01-08-2011,26.533,India,,,,,,,
01-09-2011,26.321,India,,,,,,,
01-10-2011,25.061,India,,,,,,,
01-11-2011,21.982,India,,,,,,,
01-12-2011,18.173,India,,,,,,,
01-01-2012,16.778,India,,,,,,,
01-02-2012,19.791,India,,,,,,,
01-03-2012,24.354,India,,,,,,,
01-04-2012,28.067,India,,,,,,,
01-05-2012,30.805,India,,,,,,,
01-06-2012,30.536,India,,,,,,,
01-07-2012,27.699,India,,,,,,,
01-08-2012,26.735,India,,,,,,,
01-09-2012,26.551,India,,,,,,,
01-10-2012,24.59,India,,,,,,,
01-11-2012,21.162,India,,,,,,,
01-12-2012,18.622,India,,,,,,,
